,father
154,Sam Hammington
155,Sam Hammington
156,Sam Hammington
157,Sam Hammington
158,Sam Hammington
159,Sam Hammington
160,Sam Hammington
161,Sam Hammington
162,Sam Hammington
163,Sam Hammington
164,Sam Hammington
165,Sam Hammington
166,Sam Hammington
167,Sam Hammington
168,Sam Hammington
169,Sam Hammington
170,Sam Hammington
171,Sam Hammington
172,Sam Hammington
173,Sam Hammington
174,Sam Hammington
175,Sam Hammington
176,Sam Hammington
177,Sam Hammington
178,Sam Hammington
179,Sam Hammington
180,Sam Hammington
181,Sam Hammington
182,Sam Hammington
183,Sam Hammington
184,Sam Hammington
185,Sam Hammington
186,Sam Hammington
187,Sam Hammington
188,Sam Hammington
189,Sam Hammington
190,Sam Hammington
191,Sam Hammington
192,Sam Hammington
193,Sam Hammington
194,Sam Hammington
195,Hong Kyung-min
195,Sam Hammington
196,Sam Hammington
197,Sam Hammington
198,Sam Hammington
199,Sam Hammington
200,Sam Hammington
201,Sam Hammington
202,Sam Hammington
203,Sam Hammington
204,Sam Hammington
205,Sam Hammington
206,Sam Hammington
207,Sam Hammington
208,Sam Hammington
209,Sam Hammington
210,Sam Hammington
211,Sam Hammington
212,Sam Hammington
213,Sam Hammington
214,Sam Hammington
215,Sam Hammington
216,Sam Hammington
217,Sam Hammington
218,Sam Hammington
219,Sam Hammington
220,Sam Hammington
221,Sam Hammington
222,Sam Hammington
223,Sam Hammington
224,Sam Hammington
225,Sam Hammington
226,Sam Hammington
227,Sam Hammington
228,Sam Hammington
229,Sam Hammington
230,Sam Hammington
231,Sam Hammington
232,Sam Hammington
233,Sam Hammington
234,Sam Hammington
235,Sam Hammington
236,Sam Hammington
237,Sam Hammington
238,Sam Hammington
239,Park Joo-ho
239,Sam Hammington
240,Park Joo-ho
240,Sam Hammington
241,Park Joo-ho
241,Sam Hammington
242,Park Joo-ho
242,Sam Hammington
243,Park Joo-ho
243,Sam Hammington
244,Park Joo-ho
244,Sam Hammington
245,Park Joo-ho
245,Sam Hammington
246,Park Joo-ho
246,Sam Hammington
247,Park Joo-ho
247,Sam Hammington
248,Park Joo-ho
248,Sam Hammington
249,Park Joo-ho
249,Sam Hammington
250,Park Joo-ho
250,Sam Hammington
251,Park Joo-ho
251,Sam Hammington
252,Park Joo-ho
252,Sam Hammington
253,Park Joo-ho
253,Sam Hammington
254,Park Joo-ho
254,Sam Hammington
255,Park Joo-ho
255,Sam Hammington
256,Park Joo-ho
256,Sam Hammington
257,Park Joo-ho
257,Sam Hammington
258,Park Joo-ho
258,Sam Hammington
259,Park Joo-ho
259,Sam Hammington
260,Park Joo-ho
260,Sam Hammington
261,Park Joo-ho
261,Sam Hammington
262,Park Joo-ho
262,Sam Hammington
263,Park Joo-ho
263,Sam Hammington
264,Park Joo-ho
264,Sam Hammington
265,Park Joo-ho
265,Sam Hammington
266,Park Joo-ho
266,Sam Hammington
267,Park Joo-ho
267,Sam Hammington
268,Park Joo-ho
268,Sam Hammington
269,Park Joo-ho
269,Sam Hammington
270,Park Joo-ho
270,Sam Hammington
271,Park Joo-ho
271,Sam Hammington
272,Park Joo-ho
272,Sam Hammington
273,Hong Kyung-min
273,Park Joo-ho
273,Sam Hammington
274,Hong Kyung-min
274,Park Joo-ho
274,Sam Hammington
275,Park Joo-ho
275,Sam Hammington
276,Park Joo-ho
276,Sam Hammington
277,Park Joo-ho
277,Sam Hammington
278,Park Joo-ho
278,Sam Hammington
279,Hong Kyung-min
279,Park Joo-ho
279,Sam Hammington
280,Park Joo-ho
280,Sam Hammington
281,Park Joo-ho
281,Sam Hammington
282,Park Joo-ho
282,Sam Hammington
283,Hong Kyung-min
283,Park Joo-ho
283,Sam Hammington
284,Park Joo-ho
284,Sam Hammington
285,Park Joo-ho
285,Sam Hammington
286,Hong Kyung-min
286,Park Joo-ho
286,Sam Hammington
287,Hong Kyung-min
287,Park Joo-ho
287,Sam Hammington
288,Hong Kyung-min
288,Park Joo-ho
288,Sam Hammington
289,Hong Kyung-min
289,Moon Hee-joon
289,Park Joo-ho
289,Sam Hammington
290,Hong Kyung-min
290,Moon Hee-joon
290,Park Joo-ho
290,Sam Hammington
291,Hong Kyung-min
291,Moon Hee-joon
291,Park Joo-ho
291,Sam Hammington
292,Hong Kyung-min
292,Moon Hee-joon
292,Park Joo-ho
292,Sam Hammington
293,Hong Kyung-min
293,Moon Hee-joon
293,Park Joo-ho
293,Sam Hammington
294,Hong Kyung-min
294,Moon Hee-joon
294,Park Joo-ho
294,Sam Hammington
295,Hong Kyung-min
295,Moon Hee-joon
295,Park Joo-ho
295,Sam Hammington
296,Hong Kyung-min
296,Moon Hee-joon
296,Park Joo-ho
296,Sam Hammington
297,Hong Kyung-min
297,Moon Hee-joon
297,Park Joo-ho
297,Sam Hammington
298,Hong Kyung-min
298,Moon Hee-joon
298,Park Joo-ho
298,Sam Hammington
299,Hong Kyung-min
299,Moon Hee-joon
299,Park Joo-ho
299,Sam Hammington
300,Hong Kyung-min
300,Moon Hee-joon
300,Park Joo-ho
300,Sam Hammington
301,Hong Kyung-min
301,Moon Hee-joon
301,Park Joo-ho
301,Sam Hammington
302,Hong Kyung-min
302,Moon Hee-joon
302,Park Joo-ho
302,Sam Hammington
303,Hong Kyung-min
303,Moon Hee-joon
303,Park Joo-ho
303,Sam Hammington
304,Hong Kyung-min
304,Moon Hee-joon
304,Park Joo-ho
304,Sam Hammington
